{
  "type" : "image",
  "data" : {
    "orientation" : 1,
    "alpha" : false,
    "width" : 2400,
    "resolution" : {
      "x" : 290.29000854492188,
      "y" : 290.29000854492188,
      "unit" : "dpi"
    },
    "height" : 3395
  }
}